
/*!40101 SET @OLD_CHARACTER_SET_CLIENT=@@CHARACTER_SET_CLIENT */;
/*!40101 SET @OLD_CHARACTER_SET_RESULTS=@@CHARACTER_SET_RESULTS */;
/*!40101 SET @OLD_COLLATION_CONNECTION=@@COLLATION_CONNECTION */;
/*!40101 SET NAMES utf8 */;
/*!40103 SET @OLD_TIME_ZONE=@@TIME_ZONE */;
/*!40103 SET TIME_ZONE='+00:00' */;
/*!40014 SET @OLD_UNIQUE_CHECKS=@@UNIQUE_CHECKS, UNIQUE_CHECKS=0 */;
/*!40014 SET @OLD_FOREIGN_KEY_CHECKS=@@FOREIGN_KEY_CHECKS, FOREIGN_KEY_CHECKS=0 */;
/*!40101 SET @OLD_SQL_MODE=@@SQL_MODE, SQL_MODE='NO_AUTO_VALUE_ON_ZERO' */;
/*!40111 SET @OLD_SQL_NOTES=@@SQL_NOTES, SQL_NOTES=0 */;

--
-- Table structure for table `category`
--

DROP TABLE IF EXISTS `category`;
/*!40101 SET @saved_cs_client     = @@character_set_client */;
/*!40101 SET character_set_client = utf8 */;
CREATE TABLE `category` (
  `id` int(11) NOT NULL AUTO_INCREMENT,
  `name` varchar(255) NOT NULL,
  `sort_order` int(11) NOT NULL DEFAULT '0',
  `status` int(11) NOT NULL DEFAULT '1',
  PRIMARY KEY (`id`)
) ENGINE=InnoDB AUTO_INCREMENT=29 DEFAULT CHARSET=utf8;
/*!40101 SET character_set_client = @saved_cs_client */;

--
-- Dumping data for table `category`
--

LOCK TABLES `category` WRITE;
/*!40000 ALTER TABLE `category` DISABLE KEYS */;
INSERT INTO `category` VALUES (17,'Телевизоры',1,1),(18,'Мобильные телефоны',2,1),(19,'Фотоаппараты',11,1),(20,'Ноутбуки',3,1),(21,'Процессоры',10,1),(22,'Видеокарты',9,1),(24,'МФУ и принтеры',8,1),(25,'Материнские платы',5,1),(26,'Оперативная память',6,1),(27,'Жесткие диски и SSD',7,1),(28,'Мониторы',4,1);
/*!40000 ALTER TABLE `category` ENABLE KEYS */;
UNLOCK TABLES;

--
-- Table structure for table `product`
--

DROP TABLE IF EXISTS `product`;
/*!40101 SET @saved_cs_client     = @@character_set_client */;
/*!40101 SET character_set_client = utf8 */;
CREATE TABLE `product` (
  `id` int(11) NOT NULL AUTO_INCREMENT,
  `name` varchar(255) NOT NULL,
  `category_id` int(11) NOT NULL,
  `code` int(11) NOT NULL,
  `price` float NOT NULL,
  `availability` int(11) NOT NULL,
  `brand` varchar(255) NOT NULL,
  `description` text NOT NULL,
  `is_new` int(11) NOT NULL DEFAULT '0',
  `is_recommended` int(11) NOT NULL DEFAULT '0',
  `status` int(11) NOT NULL DEFAULT '1',
  PRIMARY KEY (`id`)
) ENGINE=InnoDB AUTO_INCREMENT=101 DEFAULT CHARSET=utf8;
/*!40101 SET character_set_client = @saved_cs_client */;

--
-- Dumping data for table `product`
--

LOCK TABLES `product` WRITE;
/*!40000 ALTER TABLE `product` DISABLE KEYS */;
INSERT INTO `product` VALUES (46,'Телевизор Samsung UE32J4000AK',17,435864,569,1,'Samsung','\r\n<TABLE BORDER=0 CELLSPACING=0 CELLPADDING=0>\r\n<TR>\r\n<TD>Диагональ</TD>\r\n<TD>32\'\' (81 см)</TD>\r\n</TR>\r\n<TR>\r\n<TD>Технология экрана</TD>\r\n<TD>LCD</TD>\r\n</TR>\r\n<TR>\r\n<TD>Разрешение</TD>\r\n<TD>1366x768</TD>\r\n</TR>\r\n<TR>\r\n<TD>Соотношение сторон экрана</TD>\r\n<TD>16:9</TD>\r\n</TR>\r\n<TR>\r\n<TD>Smart TV</TD>\r\n<TD>нет</TD>\r\n</TR>\r\n<TR>\r\n<TD>Цвет корпуса</TD>\r\n<TD>черный</TD>\r\n</TR>\r\n<TR>\r\n<TD>Частота обновления</TD>\r\n<TD>60 Гц (индекс качества динамичных сцен - 100 Гц)</TD>\r\n</TR>\r\n</TABLE>',1,1,1),(47,'Телевизор Samsung UE40J5200AU',17,765234,899,1,'Samsung','<TABLE BORDER=0 CELLSPACING=0 CELLPADDING=0>\r\n<TR>\r\n<TD>Диагональ</TD>\r\n<TD>40\'\' (102 см)</TD>\r\n</TR>\r\n<TR>\r\n<TD>Технология экрана</TD>\r\n<TD>VA</TD>\r\n</TR>\r\n<TR>\r\n<TD>Разрешение</TD>\r\n<TD>1920x1080</TD>\r\n</TR>\r\n<TR>\r\n<TD>Соотношение сторон экрана</TD>\r\n<TD>16:9</TD>\r\n</TR>\r\n<TR>\r\n<TD>Smart TV</TD>\r\n<TD>нет</TD>\r\n</TR>\r\n<TR>\r\n<TD>Цвет корпуса</TD>\r\n<TD>черный</TD>\r\n</TR>\r\n<TR>\r\n<TD>Частота обновления</TD>\r\n<TD>60 Гц (индекс качества динамичных сцен - 100 Гц)</TD>\r\n</TR>\r\n</TABLE>',1,1,1),(48,'Телевизор Philips 32PHT4201',17,863147,529,1,'Philips','<TABLE BORDER=0 CELLSPACING=0 CELLPADDING=0>\r\n<TR>\r\n<TD>Диагональ</TD>\r\n<TD>32\'\' (81 см)</TD>\r\n</TR>\r\n<TR>\r\n<TD>Технология экрана</TD>\r\n<TD>VA</TD>\r\n</TR>\r\n<TR>\r\n<TD>Разрешение</TD>\r\n<TD>1920x1080</TD>\r\n</TR>\r\n<TR>\r\n<TD>Соотношение сторон экрана</TD>\r\n<TD>16:9</TD>\r\n</TR>\r\n<TR>\r\n<TD>Smart TV</TD>\r\n<TD>нет</TD>\r\n</TR>\r\n<TR>\r\n<TD>Цвет корпуса</TD>\r\n<TD>черный</TD>\r\n</TR>\r\n<TR>\r\n<TD>Частота обновления</TD>\r\n<TD>60 Гц (индекс качества динамичных сцен - 100 Гц)</TD>\r\n</TR>\r\n</TABLE>',1,1,1),(49,'Телевизор Samsung UE55KS7000U',17,963145,2999,1,'Samsung','<TABLE BORDER=0 CELLSPACING=0 CELLPADDING=0>\r\n<TR>\r\n<TD>Диагональ</TD>\r\n<TD>55\'\' (140 см)</TD>\r\n</TR>\r\n<TR>\r\n<TD>Технология экрана</TD>\r\n<TD>VA</TD>\r\n</TR>\r\n<TR>\r\n<TD>Разрешение</TD>\r\n<TD>3840x2160</TD>\r\n</TR>\r\n<TR>\r\n<TD>Соотношение сторон экрана</TD>\r\n<TD>16:9</TD>\r\n</TR>\r\n<TR>\r\n<TD>Smart TV</TD>\r\n<TD>нет</TD>\r\n</TR>\r\n<TR>\r\n<TD>Цвет корпуса</TD>\r\n<TD>черный</TD>\r\n</TR>\r\n<TR>\r\n<TD>Частота обновления</TD>\r\n<TD>60 Гц (индекс качества динамичных сцен - 100 Гц)</TD>\r\n</TR>\r\n</TABLE>',1,1,1),(50,'Телевизор LG 43LH570V',17,124564,1024,1,'LG','<TABLE BORDER=0 CELLSPACING=0 CELLPADDING=0>\r\n<TR>\r\n<TD>Диагональ</TD>\r\n<TD>43\'\' (109 см)</TD>\r\n</TR>\r\n<TR>\r\n<TD>Технология экрана</TD>\r\n<TD>VA</TD>\r\n</TR>\r\n<TR>\r\n<TD>Разрешение</TD>\r\n<TD>3840x2160</TD>\r\n</TR>\r\n<TR>\r\n<TD>Соотношение сторон экрана</TD>\r\n<TD>16:9</TD>\r\n</TR>\r\n<TR>\r\n<TD>Smart TV</TD>\r\n<TD>нет</TD>\r\n</TR>\r\n<TR>\r\n<TD>Цвет корпуса</TD>\r\n<TD>черный</TD>\r\n</TR>\r\n<TR>\r\n<TD>Частота обновления</TD>\r\n<TD>60 Гц (индекс качества динамичных сцен - 100 Гц)</TD>\r\n</TR>\r\n</TABLE>',1,1,1),(51,'Процессор Intel Core i3-4160',21,754986,295,1,'Intel','<TABLE BORDER=0 CELLSPACING=0 CELLPADDING=0>\r\n<TR>\r\n<TD>Модельный ряд</TD>\r\n<TD>&nbsp&nbsp&nbsp</TD>\r\n<TD>Intel Core i3</TD>\r\n</TR>\r\n<TR>\r\n<TD>Модель процессора</TD>\r\n<TD>&nbsp</TD>\r\n<TD>i3-4160</TD>\r\n</TR>\r\n<TR>\r\n<TD>Кодовое название кристалла</TD>\r\n<TD>&nbsp</TD>\r\n<TD>Haswell</TD>\r\n</TR>\r\n<TR>\r\n<TD>Сокет</TD>\r\n<TD>&nbsp</TD>\r\n<TD>LGA1150</TD>\r\n</TR>\r\n<TR>\r\n<TD>Количество ядер</TD>\r\n<TD>&nbsp</TD>\r\n<TD>2</TD>\r\n</TR>\r\n<TR>\r\n<TD>Кол-во потоков</TD>\r\n<TD>&nbsp</TD>\r\n<TD>4</TD>\r\n</TR>\r\n<TR>\r\n<TD>Боксовая версия</TD>\r\n<TD>&nbsp</TD>\r\n<TD>нет</TD>\r\n</TR>\r\n</TABLE>',1,1,1),(52,'Процессор Intel XEON CM80635',21,134576,727,1,'Intel','<TABLE BORDER=0 CELLSPACING=0 CELLPADDING=0>\r\n<TR>\r\n<TD>Модельный ряд</TD>\r\n<TD>   </TD>\r\n<TD>Intel Core i3</TD>\r\n</TR>\r\n<TR>\r\n<TD>Модель процессора</TD>\r\n<TD> </TD>\r\n<TD>i3-4160</TD>\r\n</TR>\r\n<TR>\r\n<TD>Кодовое название кристалла</TD>\r\n<TD> </TD>\r\n<TD>Haswell</TD>\r\n</TR>\r\n<TR>\r\n<TD>Сокет</TD>\r\n<TD> </TD>\r\n<TD>LGA1150</TD>\r\n</TR>\r\n<TR>\r\n<TD>Количество ядер</TD>\r\n<TD> </TD>\r\n<TD>2</TD>\r\n</TR>\r\n<TR>\r\n<TD>Кол-во потоков</TD>\r\n<TD> </TD>\r\n<TD>4</TD>\r\n</TR>\r\n<TR>\r\n<TD>Боксовая версия</TD>\r\n<TD> </TD>\r\n<TD>нет</TD>\r\n</TR>\r\n</TABLE>',1,1,1),(53,'Процессор AMD Ryzen 7 1700',21,458975,830,1,'AMD','<TABLE BORDER=0 CELLSPACING=0 CELLPADDING=0>\r\n<TR>\r\n<TD>Модельный ряд</TD>\r\n<TD>   </TD>\r\n<TD>Intel Core i3</TD>\r\n</TR>\r\n<TR>\r\n<TD>Модель процессора</TD>\r\n<TD> </TD>\r\n<TD>i3-4160</TD>\r\n</TR>\r\n<TR>\r\n<TD>Кодовое название кристалла</TD>\r\n<TD> </TD>\r\n<TD>Haswell</TD>\r\n</TR>\r\n<TR>\r\n<TD>Сокет</TD>\r\n<TD> </TD>\r\n<TD>LGA1150</TD>\r\n</TR>\r\n<TR>\r\n<TD>Количество ядер</TD>\r\n<TD> </TD>\r\n<TD>2</TD>\r\n</TR>\r\n<TR>\r\n<TD>Кол-во потоков</TD>\r\n<TD> </TD>\r\n<TD>4</TD>\r\n</TR>\r\n<TR>\r\n<TD>Боксовая версия</TD>\r\n<TD> </TD>\r\n<TD>нет</TD>\r\n</TR>\r\n</TABLE>',1,1,1),(54,'Процессор AMD Ryzen 3 1300X',21,637554,299,1,'AMD','<TABLE BORDER=0 CELLSPACING=0 CELLPADDING=0>\r\n<TR>\r\n<TD>Модельный ряд</TD>\r\n<TD>&nbsp&nbsp&nbsp</TD>\r\n<TD>Intel Core i3</TD>\r\n</TR>\r\n<TR>\r\n<TD>Модель процессора</TD>\r\n<TD>&nbsp</TD>\r\n<TD>i3-4160</TD>\r\n</TR>\r\n<TR>\r\n<TD>Кодовое название кристалла</TD>\r\n<TD>&nbsp</TD>\r\n<TD>Haswell</TD>\r\n</TR>\r\n<TR>\r\n<TD>Сокет</TD>\r\n<TD>&nbsp</TD>\r\n<TD>LGA1150</TD>\r\n</TR>\r\n<TR>\r\n<TD>Количество ядер</TD>\r\n<TD>&nbsp</TD>\r\n<TD>2</TD>\r\n</TR>\r\n<TR>\r\n<TD>Кол-во потоков</TD>\r\n<TD>&nbsp</TD>\r\n<TD>4</TD>\r\n</TR>\r\n<TR>\r\n<TD>Боксовая версия</TD>\r\n<TD>&nbsp</TD>\r\n<TD>нет</TD>\r\n</TR>\r\n</TABLE>',1,1,1),(55,'Процессор Intel Core i7-4790K',21,147658,860,1,'Intel','<TABLE BORDER=0 CELLSPACING=0 CELLPADDING=0>\r\n<TR>\r\n<TD>Модельный ряд</TD>\r\n<TD>   </TD>\r\n<TD>Intel Core i3</TD>\r\n</TR>\r\n<TR>\r\n<TD>Модель процессора</TD>\r\n<TD> </TD>\r\n<TD>i3-4160</TD>\r\n</TR>\r\n<TR>\r\n<TD>Кодовое название кристалла</TD>\r\n<TD> </TD>\r\n<TD>Haswell</TD>\r\n</TR>\r\n<TR>\r\n<TD>Сокет</TD>\r\n<TD> </TD>\r\n<TD>LGA1150</TD>\r\n</TR>\r\n<TR>\r\n<TD>Количество ядер</TD>\r\n<TD> </TD>\r\n<TD>2</TD>\r\n</TR>\r\n<TR>\r\n<TD>Кол-во потоков</TD>\r\n<TD> </TD>\r\n<TD>4</TD>\r\n</TR>\r\n<TR>\r\n<TD>Боксовая версия</TD>\r\n<TD> </TD>\r\n<TD>нет</TD>\r\n</TR>\r\n</TABLE>',1,1,1),(56,'Оперативная память DDR3 Kingston HX321C11SR/8',26,987542,202,1,'Kingston','<TABLE BORDER=0 CELLSPACING=0 CELLPADDING=0>\r\n<TR>\r\n<TD>Тип памяти</TD>\r\n<TD>&nbsp&nbsp&nbsp</TD>\r\n<TD>DDR3</TD>\r\n</TR>\r\n<TR>\r\n<TD>Объем</TD>\r\n<TD>&nbsp</TD>\r\n<TD>8 Гб</TD>\r\n</TR>\r\n<TR>\r\n<TD>Форм-фактор</TD>\r\n<TD>&nbsp</TD>\r\n<TD>DIMM</TD>\r\n</TR>\r\n<TR>\r\n<TD>Назначение</TD>\r\n<TD>&nbsp</TD>\r\n<TD>для системного блока</TD>\r\n</TR>\r\n<TR>\r\n<TD>Тактовая частота</TD>\r\n<TD>2133 МГц</TD>\r\n<TD>2</TD>\r\n</TR>\r\n<TR>\r\n<TD>Набор</TD>\r\n<TD>&nbsp</TD>\r\n<TD>нет</TD>\r\n</TR>\r\n<TR>\r\n<TD>Пропускная способность</TD>\r\n<TD>&nbsp</TD>\r\n<TD>17000 Мб/с</TD>\r\n</TR>\r\n</TABLE>',1,1,1),(57,'Оперативная память DDR3 Team Elite TED38G1600C1101',26,745614,156,1,'Team Elite','<TABLE BORDER=0 CELLSPACING=0 CELLPADDING=0>\r\n<TR>\r\n<TD>Тип памяти</TD>\r\n<TD>&nbsp&nbsp&nbsp</TD>\r\n<TD>DDR3</TD>\r\n</TR>\r\n<TR>\r\n<TD>Объем</TD>\r\n<TD>&nbsp</TD>\r\n<TD>8 Гб</TD>\r\n</TR>\r\n<TR>\r\n<TD>Форм-фактор</TD>\r\n<TD>&nbsp</TD>\r\n<TD>DIMM</TD>\r\n</TR>\r\n<TR>\r\n<TD>Назначение</TD>\r\n<TD>&nbsp</TD>\r\n<TD>для системного блока</TD>\r\n</TR>\r\n<TR>\r\n<TD>Тактовая частота</TD>\r\n<TD>2133 МГц</TD>\r\n<TD>2</TD>\r\n</TR>\r\n<TR>\r\n<TD>Набор</TD>\r\n<TD>&nbsp</TD>\r\n<TD>нет</TD>\r\n</TR>\r\n<TR>\r\n<TD>Пропускная способность</TD>\r\n<TD>&nbsp</TD>\r\n<TD>17000 Мб/с</TD>\r\n</TR>\r\n</TABLE>',1,1,1),(58,'Оперативная память DDR3 Kingston HX318C10F/8',26,875467,173,1,'Kingston','<TABLE BORDER=0 CELLSPACING=0 CELLPADDING=0>\r\n<TR>\r\n<TD>Тип памяти</TD>\r\n<TD>&nbsp&nbsp&nbsp</TD>\r\n<TD>DDR3</TD>\r\n</TR>\r\n<TR>\r\n<TD>Объем</TD>\r\n<TD>&nbsp</TD>\r\n<TD>8 Гб</TD>\r\n</TR>\r\n<TR>\r\n<TD>Форм-фактор</TD>\r\n<TD>&nbsp</TD>\r\n<TD>DIMM</TD>\r\n</TR>\r\n<TR>\r\n<TD>Назначение</TD>\r\n<TD>&nbsp</TD>\r\n<TD>для системного блока</TD>\r\n</TR>\r\n<TR>\r\n<TD>Тактовая частота</TD>\r\n<TD>2133 МГц</TD>\r\n<TD>2</TD>\r\n</TR>\r\n<TR>\r\n<TD>Набор</TD>\r\n<TD>&nbsp</TD>\r\n<TD>нет</TD>\r\n</TR>\r\n<TR>\r\n<TD>Пропускная способность</TD>\r\n<TD>&nbsp</TD>\r\n<TD>17000 Мб/с</TD>\r\n</TR>\r\n</TABLE>',1,1,1),(59,'Оперативная память DDR3 Crucial BLS8G3D169DS3CEU',26,487654,178,1,'Crucial','<TABLE BORDER=0 CELLSPACING=0 CELLPADDING=0>\r\n<TR>\r\n<TD>Тип памяти</TD>\r\n<TD>&nbsp&nbsp&nbsp</TD>\r\n<TD>DDR3</TD>\r\n</TR>\r\n<TR>\r\n<TD>Объем</TD>\r\n<TD>&nbsp</TD>\r\n<TD>8 Гб</TD>\r\n</TR>\r\n<TR>\r\n<TD>Форм-фактор</TD>\r\n<TD>&nbsp</TD>\r\n<TD>DIMM</TD>\r\n</TR>\r\n<TR>\r\n<TD>Назначение</TD>\r\n<TD>&nbsp</TD>\r\n<TD>для системного блока</TD>\r\n</TR>\r\n<TR>\r\n<TD>Тактовая частота</TD>\r\n<TD>2133 МГц</TD>\r\n<TD>2</TD>\r\n</TR>\r\n<TR>\r\n<TD>Набор</TD>\r\n<TD>&nbsp</TD>\r\n<TD>нет</TD>\r\n</TR>\r\n<TR>\r\n<TD>Пропускная способность</TD>\r\n<TD>&nbsp</TD>\r\n<TD>17000 Мб/с</TD>\r\n</TR>\r\n</TABLE>',1,1,1),(60,'Оперативная память DDR4 Goodram GY2133D464L15/8G',26,245156,196,1,'Goodram','<TABLE BORDER=0 CELLSPACING=0 CELLPADDING=0>\r\n<TR>\r\n<TD>Тип памяти</TD>\r\n<TD>&nbsp&nbsp&nbsp</TD>\r\n<TD>DDR3</TD>\r\n</TR>\r\n<TR>\r\n<TD>Объем</TD>\r\n<TD>&nbsp</TD>\r\n<TD>8 Гб</TD>\r\n</TR>\r\n<TR>\r\n<TD>Форм-фактор</TD>\r\n<TD>&nbsp</TD>\r\n<TD>DIMM</TD>\r\n</TR>\r\n<TR>\r\n<TD>Назначение</TD>\r\n<TD>&nbsp</TD>\r\n<TD>для системного блока</TD>\r\n</TR>\r\n<TR>\r\n<TD>Тактовая частота</TD>\r\n<TD>2133 МГц</TD>\r\n<TD>2</TD>\r\n</TR>\r\n<TR>\r\n<TD>Набор</TD>\r\n<TD>&nbsp</TD>\r\n<TD>нет</TD>\r\n</TR>\r\n<TR>\r\n<TD>Пропускная способность</TD>\r\n<TD>&nbsp</TD>\r\n<TD>17000 Мб/с</TD>\r\n</TR>\r\n</TABLE>',1,1,1),(61,'SSD диск Sony SLW-MG2',27,352415,325,1,'Sony','<TABLE BORDER=0 CELLSPACING=0 CELLPADDING=0>\r\n<TR>\r\n<TD>Тип</TD>\r\n<TD>&nbsp&nbsp&nbsp</TD>\r\n<TD>SSD диск</TD>\r\n</TR>\r\n<TR>\r\n<TD>Форм-фактор</TD>\r\n<TD>&nbsp</TD>\r\n<TD>2.5\" (7 мм)</TD>\r\n</TR>\r\n<TR>\r\n<TD>Интерфейс</TD>\r\n<TD>&nbsp</TD>\r\n<TD>SATA 3.0 (6 Gbps)</TD>\r\n</TR>\r\n<TR>\r\n<TD>Объем</TD>\r\n<TD>&nbsp</TD>\r\n<TD>240 Гб</TD>\r\n</TR>\r\n<TR>\r\n<TD>Контроллер</TD>\r\n<TD>&nbsp</TD>\r\n<TD>Phison PS3110-S10</TD>\r\n</TR>\r\n<TR>\r\n<TD>Скорость чтения</TD>\r\n<TD>&nbsp</TD>\r\n<TD>560 Мб/с</TD>\r\n</TR>\r\n<TR>\r\n<TD>Скорость записи</TD>\r\n<TD>&nbsp</TD>\r\n<TD>530 Мб/с</TD>\r\n</TR>\r\n</TABLE>',1,1,1),(62,'SSD диск Kingston HyperX Savage 240GB',27,234546,341,1,'Kingston','<TABLE BORDER=0 CELLSPACING=0 CELLPADDING=0>\r\n<TR>\r\n<TD>Тип</TD>\r\n<TD>&nbsp&nbsp&nbsp</TD>\r\n<TD>SSD диск</TD>\r\n</TR>\r\n<TR>\r\n<TD>Форм-фактор</TD>\r\n<TD>&nbsp</TD>\r\n<TD>2.5\" (7 мм)</TD>\r\n</TR>\r\n<TR>\r\n<TD>Интерфейс</TD>\r\n<TD>&nbsp</TD>\r\n<TD>SATA 3.0 (6 Gbps)</TD>\r\n</TR>\r\n<TR>\r\n<TD>Объем</TD>\r\n<TD>&nbsp</TD>\r\n<TD>240 Гб</TD>\r\n</TR>\r\n<TR>\r\n<TD>Контроллер</TD>\r\n<TD>&nbsp</TD>\r\n<TD>Phison PS3110-S10</TD>\r\n</TR>\r\n<TR>\r\n<TD>Скорость чтения</TD>\r\n<TD>&nbsp</TD>\r\n<TD>560 Мб/с</TD>\r\n</TR>\r\n<TR>\r\n<TD>Скорость записи</TD>\r\n<TD>&nbsp</TD>\r\n<TD>530 Мб/с</TD>\r\n</TR>\r\n</TABLE>',1,1,1),(63,'SSD диск Samsung 850 Pro',27,945751,599,1,'Samsung','<TABLE BORDER=0 CELLSPACING=0 CELLPADDING=0>\r\n<TR>\r\n<TD>Тип</TD>\r\n<TD>&nbsp&nbsp&nbsp</TD>\r\n<TD>SSD диск</TD>\r\n</TR>\r\n<TR>\r\n<TD>Форм-фактор</TD>\r\n<TD>&nbsp</TD>\r\n<TD>2.5\" (7 мм)</TD>\r\n</TR>\r\n<TR>\r\n<TD>Интерфейс</TD>\r\n<TD>&nbsp</TD>\r\n<TD>SATA 3.0 (6 Gbps)</TD>\r\n</TR>\r\n<TR>\r\n<TD>Объем</TD>\r\n<TD>&nbsp</TD>\r\n<TD>240 Гб</TD>\r\n</TR>\r\n<TR>\r\n<TD>Контроллер</TD>\r\n<TD>&nbsp</TD>\r\n<TD>Phison PS3110-S10</TD>\r\n</TR>\r\n<TR>\r\n<TD>Скорость чтения</TD>\r\n<TD>&nbsp</TD>\r\n<TD>560 Мб/с</TD>\r\n</TR>\r\n<TR>\r\n<TD>Скорость записи</TD>\r\n<TD>&nbsp</TD>\r\n<TD>530 Мб/с</TD>\r\n</TR>\r\n</TABLE>',1,1,1),(64,'Жесткий диск Western Digital 4Tb Purple',27,658754,346,1,'Western Digital','<TABLE BORDER=0 CELLSPACING=0 CELLPADDING=0>\r\n<TR>\r\n<TD>Тип</TD>\r\n<TD>   </TD>\r\n<TD>SSD диск</TD>\r\n</TR>\r\n<TR>\r\n<TD>Форм-фактор</TD>\r\n<TD> </TD>\r\n<TD>2.5\" (7 мм)</TD>\r\n</TR>\r\n<TR>\r\n<TD>Интерфейс</TD>\r\n<TD> </TD>\r\n<TD>SATA 3.0 (6 Gbps)</TD>\r\n</TR>\r\n<TR>\r\n<TD>Объем</TD>\r\n<TD> </TD>\r\n<TD>240 Гб</TD>\r\n</TR>\r\n<TR>\r\n<TD>Контроллер</TD>\r\n<TD> </TD>\r\n<TD>Phison PS3110-S10</TD>\r\n</TR>\r\n<TR>\r\n<TD>Скорость чтения</TD>\r\n<TD> </TD>\r\n<TD>560 Мб/с</TD>\r\n</TR>\r\n<TR>\r\n<TD>Скорость записи</TD>\r\n<TD> </TD>\r\n<TD>530 Мб/с</TD>\r\n</TR>\r\n</TABLE>',1,1,1),(65,'Жесткий диск Western Digital Red 4TB',27,562154,398,1,'Western Digital','<TABLE BORDER=0 CELLSPACING=0 CELLPADDING=0>\r\n<TR>\r\n<TD>Тип</TD>\r\n<TD>&nbsp&nbsp&nbsp</TD>\r\n<TD>SSD диск</TD>\r\n</TR>\r\n<TR>\r\n<TD>Форм-фактор</TD>\r\n<TD>&nbsp</TD>\r\n<TD>2.5\" (7 мм)</TD>\r\n</TR>\r\n<TR>\r\n<TD>Интерфейс</TD>\r\n<TD>&nbsp</TD>\r\n<TD>SATA 3.0 (6 Gbps)</TD>\r\n</TR>\r\n<TR>\r\n<TD>Объем</TD>\r\n<TD>&nbsp</TD>\r\n<TD>240 Гб</TD>\r\n</TR>\r\n<TR>\r\n<TD>Контроллер</TD>\r\n<TD>&nbsp</TD>\r\n<TD>Phison PS3110-S10</TD>\r\n</TR>\r\n<TR>\r\n<TD>Скорость чтения</TD>\r\n<TD>&nbsp</TD>\r\n<TD>560 Мб/с</TD>\r\n</TR>\r\n<TR>\r\n<TD>Скорость записи</TD>\r\n<TD>&nbsp</TD>\r\n<TD>530 Мб/с</TD>\r\n</TR>\r\n</TABLE>',1,1,1),(66,'МФУ Epson L366',24,451354,439,1,'Epson','<TABLE BORDER=0 CELLSPACING=0 CELLPADDING=0>\r\n<TR>\r\n<TD>Тип устройства</TD>\r\n<TD>&nbsp&nbsp&nbsp</TD>\r\n<TD>МФУ</TD>\r\n</TR>\r\n<TR>\r\n<TD>Кабель USB</TD>\r\n<TD>&nbsp</TD>\r\n<TD>приобретается отдельно</TD>\r\n</TR>\r\n<TR>\r\n<TD>Сканер</TD>\r\n<TD>&nbsp</TD>\r\n<TD>есть</TD>\r\n</TR>\r\n<TR>\r\n<TD>Копир</TD>\r\n<TD>&nbsp</TD>\r\n<TD>есть</TD>\r\n</TR>\r\n<TR>\r\n<TD>Факс</TD>\r\n<TD>&nbsp</TD>\r\n<TD>нет</TD>\r\n</TR>\r\n<TR>\r\n<TD>Технология печати</TD>\r\n<TD>&nbsp</TD>\r\n<TD>струйная</TD>\r\n</TR>\r\n<TR>\r\n<TD>Печать</TD>\r\n<TD>&nbsp</TD>\r\n<TD>цветная</TD>\r\n</TR>\r\n</TABLE>',1,1,1),(67,'Принтер HP LaserJet Pro P1102s',24,365484,437,1,'HP','<TABLE BORDER=0 CELLSPACING=0 CELLPADDING=0>\r\n<TR>\r\n<TD>Тип устройства</TD>\r\n<TD>&nbsp&nbsp&nbsp</TD>\r\n<TD>МФУ</TD>\r\n</TR>\r\n<TR>\r\n<TD>Кабель USB</TD>\r\n<TD>&nbsp</TD>\r\n<TD>приобретается отдельно</TD>\r\n</TR>\r\n<TR>\r\n<TD>Сканер</TD>\r\n<TD>&nbsp</TD>\r\n<TD>есть</TD>\r\n</TR>\r\n<TR>\r\n<TD>Копир</TD>\r\n<TD>&nbsp</TD>\r\n<TD>есть</TD>\r\n</TR>\r\n<TR>\r\n<TD>Факс</TD>\r\n<TD>&nbsp</TD>\r\n<TD>нет</TD>\r\n</TR>\r\n<TR>\r\n<TD>Технология печати</TD>\r\n<TD>&nbsp</TD>\r\n<TD>струйная</TD>\r\n</TR>\r\n<TR>\r\n<TD>Печать</TD>\r\n<TD>&nbsp</TD>\r\n<TD>цветная</TD>\r\n</TR>\r\n</TABLE>',1,1,1),(68,'МФУ Canon Pixma E414',24,745864,129,1,'Canon','<TABLE BORDER=0 CELLSPACING=0 CELLPADDING=0>\r\n<TR>\r\n<TD>Тип устройства</TD>\r\n<TD>&nbsp&nbsp&nbsp</TD>\r\n<TD>МФУ</TD>\r\n</TR>\r\n<TR>\r\n<TD>Кабель USB</TD>\r\n<TD>&nbsp</TD>\r\n<TD>приобретается отдельно</TD>\r\n</TR>\r\n<TR>\r\n<TD>Сканер</TD>\r\n<TD>&nbsp</TD>\r\n<TD>есть</TD>\r\n</TR>\r\n<TR>\r\n<TD>Копир</TD>\r\n<TD>&nbsp</TD>\r\n<TD>есть</TD>\r\n</TR>\r\n<TR>\r\n<TD>Факс</TD>\r\n<TD>&nbsp</TD>\r\n<TD>нет</TD>\r\n</TR>\r\n<TR>\r\n<TD>Технология печати</TD>\r\n<TD>&nbsp</TD>\r\n<TD>струйная</TD>\r\n</TR>\r\n<TR>\r\n<TD>Печать</TD>\r\n<TD>&nbsp</TD>\r\n<TD>цветная</TD>\r\n</TR>\r\n</TABLE>',1,1,1),(69,'МФУ Canon i-SENSYS MF3010',24,956475,529,1,'Canon','<TABLE BORDER=0 CELLSPACING=0 CELLPADDING=0>\r\n<TR>\r\n<TD>Тип устройства</TD>\r\n<TD>&nbsp&nbsp&nbsp</TD>\r\n<TD>МФУ</TD>\r\n</TR>\r\n<TR>\r\n<TD>Кабель USB</TD>\r\n<TD>&nbsp</TD>\r\n<TD>приобретается отдельно</TD>\r\n</TR>\r\n<TR>\r\n<TD>Сканер</TD>\r\n<TD>&nbsp</TD>\r\n<TD>есть</TD>\r\n</TR>\r\n<TR>\r\n<TD>Копир</TD>\r\n<TD>&nbsp</TD>\r\n<TD>есть</TD>\r\n</TR>\r\n<TR>\r\n<TD>Факс</TD>\r\n<TD>&nbsp</TD>\r\n<TD>нет</TD>\r\n</TR>\r\n<TR>\r\n<TD>Технология печати</TD>\r\n<TD>&nbsp</TD>\r\n<TD>струйная</TD>\r\n</TR>\r\n<TR>\r\n<TD>Печать</TD>\r\n<TD>&nbsp</TD>\r\n<TD>цветная</TD>\r\n</TR>\r\n</TABLE>',1,1,1),(70,'МФУ Xerox WorkCentre 6025',24,125648,571,1,'Xerox','<TABLE BORDER=0 CELLSPACING=0 CELLPADDING=0>\r\n<TR>\r\n<TD>Тип устройства</TD>\r\n<TD>&nbsp&nbsp&nbsp</TD>\r\n<TD>МФУ</TD>\r\n</TR>\r\n<TR>\r\n<TD>Кабель USB</TD>\r\n<TD>&nbsp</TD>\r\n<TD>приобретается отдельно</TD>\r\n</TR>\r\n<TR>\r\n<TD>Сканер</TD>\r\n<TD>&nbsp</TD>\r\n<TD>есть</TD>\r\n</TR>\r\n<TR>\r\n<TD>Копир</TD>\r\n<TD>&nbsp</TD>\r\n<TD>есть</TD>\r\n</TR>\r\n<TR>\r\n<TD>Факс</TD>\r\n<TD>&nbsp</TD>\r\n<TD>нет</TD>\r\n</TR>\r\n<TR>\r\n<TD>Технология печати</TD>\r\n<TD>&nbsp</TD>\r\n<TD>струйная</TD>\r\n</TR>\r\n<TR>\r\n<TD>Печать</TD>\r\n<TD>&nbsp</TD>\r\n<TD>цветная</TD>\r\n</TR>\r\n</TABLE>',1,1,1),(71,'Монитор Samsung C27F396FHI',28,314567,608,1,'Samsung','<TABLE BORDER=0 CELLSPACING=0 CELLPADDING=0>\r\n<TR>\r\n<TD>Тип матрицы</TD>\r\n<TD>&nbsp&nbsp&nbsp</TD>\r\n<TD>IPS</TD>\r\n</TR>\r\n<TR>\r\n<TD>Технология Flicker-free</TD>\r\n<TD>&nbsp</TD>\r\n<TD>есть</TD>\r\n</TR>\r\n<TR>\r\n<TD>Подсветка матрицы</TD>\r\n<TD>&nbsp</TD>\r\n<TD>есть</TD>\r\n</TR>\r\n<TR>\r\n<TD>Разрешение</TD>\r\n<TD>&nbsp</TD>\r\n<TD>3840×2160</TD>\r\n</TR>\r\n<TR>\r\n<TD>Яркость</TD>\r\n<TD>&nbsp</TD>\r\n<TD>250 кд/м2</TD>\r\n</TR>\r\n<TR>\r\n<TD>Тип покрытия</TD>\r\n<TD>&nbsp</TD>\r\n<TD>матовое (антибликовое)</TD>\r\n</TR>\r\n<TR>\r\n<TD>Угол обзора по горизонтали</TD>\r\n<TD>&nbsp</TD>\r\n<TD>178 °</TD>\r\n</TR>\r\n</TABLE>',1,1,1),(72,'Монитор Philips 323E7QDAB',28,986547,597,1,'Philips','<TABLE BORDER=0 CELLSPACING=0 CELLPADDING=0>\r\n<TR>\r\n<TD>Тип матрицы</TD>\r\n<TD>&nbsp&nbsp&nbsp</TD>\r\n<TD>IPS</TD>\r\n</TR>\r\n<TR>\r\n<TD>Технология Flicker-free</TD>\r\n<TD>&nbsp</TD>\r\n<TD>есть</TD>\r\n</TR>\r\n<TR>\r\n<TD>Подсветка матрицы</TD>\r\n<TD>&nbsp</TD>\r\n<TD>есть</TD>\r\n</TR>\r\n<TR>\r\n<TD>Разрешение</TD>\r\n<TD>&nbsp</TD>\r\n<TD>3840×2160</TD>\r\n</TR>\r\n<TR>\r\n<TD>Яркость</TD>\r\n<TD>&nbsp</TD>\r\n<TD>250 кд/м2</TD>\r\n</TR>\r\n<TR>\r\n<TD>Тип покрытия</TD>\r\n<TD>&nbsp</TD>\r\n<TD>матовое (антибликовое)</TD>\r\n</TR>\r\n<TR>\r\n<TD>Угол обзора по горизонтали</TD>\r\n<TD>&nbsp</TD>\r\n<TD>178 °</TD>\r\n</TR>\r\n</TABLE>',1,1,1),(73,'Монитор Dell U2515H',28,567854,799,1,'Dell','<TABLE BORDER=0 CELLSPACING=0 CELLPADDING=0>\r\n<TR>\r\n<TD>Тип матрицы</TD>\r\n<TD>&nbsp&nbsp&nbsp</TD>\r\n<TD>IPS</TD>\r\n</TR>\r\n<TR>\r\n<TD>Технология Flicker-free</TD>\r\n<TD>&nbsp</TD>\r\n<TD>есть</TD>\r\n</TR>\r\n<TR>\r\n<TD>Подсветка матрицы</TD>\r\n<TD>&nbsp</TD>\r\n<TD>есть</TD>\r\n</TR>\r\n<TR>\r\n<TD>Разрешение</TD>\r\n<TD>&nbsp</TD>\r\n<TD>3840×2160</TD>\r\n</TR>\r\n<TR>\r\n<TD>Яркость</TD>\r\n<TD>&nbsp</TD>\r\n<TD>250 кд/м2</TD>\r\n</TR>\r\n<TR>\r\n<TD>Тип покрытия</TD>\r\n<TD>&nbsp</TD>\r\n<TD>матовое (антибликовое)</TD>\r\n</TR>\r\n<TR>\r\n<TD>Угол обзора по горизонтали</TD>\r\n<TD>&nbsp</TD>\r\n<TD>178 °</TD>\r\n</TR>\r\n</TABLE>',1,1,1),(74,'Монитор BenQ EW2775ZH',28,522568,473,1,'BenQ','<TABLE BORDER=0 CELLSPACING=0 CELLPADDING=0>\r\n<TR>\r\n<TD>Тип матрицы</TD>\r\n<TD>&nbsp&nbsp&nbsp</TD>\r\n<TD>IPS</TD>\r\n</TR>\r\n<TR>\r\n<TD>Технология Flicker-free</TD>\r\n<TD>&nbsp</TD>\r\n<TD>есть</TD>\r\n</TR>\r\n<TR>\r\n<TD>Подсветка матрицы</TD>\r\n<TD>&nbsp</TD>\r\n<TD>есть</TD>\r\n</TR>\r\n<TR>\r\n<TD>Разрешение</TD>\r\n<TD>&nbsp</TD>\r\n<TD>3840×2160</TD>\r\n</TR>\r\n<TR>\r\n<TD>Яркость</TD>\r\n<TD>&nbsp</TD>\r\n<TD>250 кд/м2</TD>\r\n</TR>\r\n<TR>\r\n<TD>Тип покрытия</TD>\r\n<TD>&nbsp</TD>\r\n<TD>матовое (антибликовое)</TD>\r\n</TR>\r\n<TR>\r\n<TD>Угол обзора по горизонтали</TD>\r\n<TD>&nbsp</TD>\r\n<TD>178 °</TD>\r\n</TR>\r\n</TABLE>',1,1,1),(75,'Монитор LG 24UD58',28,468531,559,1,'LG','<TABLE BORDER=0 CELLSPACING=0 CELLPADDING=0>\r\n<TR>\r\n<TD>Тип матрицы</TD>\r\n<TD>&nbsp&nbsp&nbsp</TD>\r\n<TD>IPS</TD>\r\n</TR>\r\n<TR>\r\n<TD>Технология Flicker-free</TD>\r\n<TD>&nbsp</TD>\r\n<TD>есть</TD>\r\n</TR>\r\n<TR>\r\n<TD>Подсветка матрицы</TD>\r\n<TD>&nbsp</TD>\r\n<TD>есть</TD>\r\n</TR>\r\n<TR>\r\n<TD>Разрешение</TD>\r\n<TD>&nbsp</TD>\r\n<TD>3840×2160</TD>\r\n</TR>\r\n<TR>\r\n<TD>Яркость</TD>\r\n<TD>&nbsp</TD>\r\n<TD>250 кд/м2</TD>\r\n</TR>\r\n<TR>\r\n<TD>Тип покрытия</TD>\r\n<TD>&nbsp</TD>\r\n<TD>матовое (антибликовое)</TD>\r\n</TR>\r\n<TR>\r\n<TD>Угол обзора по горизонтали</TD>\r\n<TD>&nbsp</TD>\r\n<TD>178 °</TD>\r\n</TR>\r\n</TABLE>',1,1,1),(76,'Смартфон Xiaomi Redmi 4X',18,456875,349,1,'Xiaomi','<TABLE BORDER=0 CELLSPACING=0 CELLPADDING=0>\r\n<TR>\r\n<TD>Тип</TD>\r\n<TD>&nbsp&nbsp&nbsp</TD>\r\n<TD>смартфон</TD>\r\n</TR>\r\n<TR>\r\n<TD>Диагональ экрана</TD>\r\n<TD>&nbsp</TD>\r\n<TD>5 \"</TD>\r\n</TR>\r\n<TR>\r\n<TD>Тип управления</TD>\r\n<TD>&nbsp</TD>\r\n<TD>сенсорное</TD>\r\n</TR>\r\n<TR>\r\n<TD>Формат SIM-карты</TD>\r\n<TD>&nbsp</TD>\r\n<TD>Micro-SIM, Nano-SIM</TD>\r\n</TR>\r\n<TR>\r\n<TD>Кол-во SIM-карт</TD>\r\n<TD>&nbsp</TD>\r\n<TD>2</TD>\r\n</TR>\r\n<TR>\r\n<TD>Линейка</TD>\r\n<TD>&nbsp</TD>\r\n<TD>Redmi (Xiaomi)</TD>\r\n</TR>\r\n<TR>\r\n<TD>Сертификация</TD>\r\n<TD>&nbsp</TD>\r\n<TD>РСТ / СТБ / EAC</TD>\r\n</TR>\r\n</TABLE>',1,1,1),(77,'Смартфон Samsung Galaxy J7',18,138564,532,1,'Samsung','<TABLE BORDER=0 CELLSPACING=0 CELLPADDING=0>\r\n<TR>\r\n<TD>Тип</TD>\r\n<TD>&nbsp&nbsp&nbsp</TD>\r\n<TD>смартфон</TD>\r\n</TR>\r\n<TR>\r\n<TD>Диагональ экрана</TD>\r\n<TD>&nbsp</TD>\r\n<TD>5 \"</TD>\r\n</TR>\r\n<TR>\r\n<TD>Тип управления</TD>\r\n<TD>&nbsp</TD>\r\n<TD>сенсорное</TD>\r\n</TR>\r\n<TR>\r\n<TD>Формат SIM-карты</TD>\r\n<TD>&nbsp</TD>\r\n<TD>Micro-SIM, Nano-SIM</TD>\r\n</TR>\r\n<TR>\r\n<TD>Кол-во SIM-карт</TD>\r\n<TD>&nbsp</TD>\r\n<TD>2</TD>\r\n</TR>\r\n<TR>\r\n<TD>Линейка</TD>\r\n<TD>&nbsp</TD>\r\n<TD>Redmi (Xiaomi)</TD>\r\n</TR>\r\n<TR>\r\n<TD>Сертификация</TD>\r\n<TD>&nbsp</TD>\r\n<TD>РСТ / СТБ / EAC</TD>\r\n</TR>\r\n</TABLE>',1,1,1),(78,'Смартфон LG Q6a',18,342164,539,1,'LG','<TABLE BORDER=0 CELLSPACING=0 CELLPADDING=0>\r\n<TR>\r\n<TD>Тип</TD>\r\n<TD>&nbsp&nbsp&nbsp</TD>\r\n<TD>смартфон</TD>\r\n</TR>\r\n<TR>\r\n<TD>Диагональ экрана</TD>\r\n<TD>&nbsp</TD>\r\n<TD>5 \"</TD>\r\n</TR>\r\n<TR>\r\n<TD>Тип управления</TD>\r\n<TD>&nbsp</TD>\r\n<TD>сенсорное</TD>\r\n</TR>\r\n<TR>\r\n<TD>Формат SIM-карты</TD>\r\n<TD>&nbsp</TD>\r\n<TD>Micro-SIM, Nano-SIM</TD>\r\n</TR>\r\n<TR>\r\n<TD>Кол-во SIM-карт</TD>\r\n<TD>&nbsp</TD>\r\n<TD>2</TD>\r\n</TR>\r\n<TR>\r\n<TD>Линейка</TD>\r\n<TD>&nbsp</TD>\r\n<TD>Redmi (Xiaomi)</TD>\r\n</TR>\r\n<TR>\r\n<TD>Сертификация</TD>\r\n<TD>&nbsp</TD>\r\n<TD>РСТ / СТБ / EAC</TD>\r\n</TR>\r\n</TABLE>',1,1,1),(79,'Смартфон Huawei P8 Lite',18,658975,459,1,'Huawei','<TABLE BORDER=0 CELLSPACING=0 CELLPADDING=0>\r\n<TR>\r\n<TD>Тип</TD>\r\n<TD>&nbsp&nbsp&nbsp</TD>\r\n<TD>смартфон</TD>\r\n</TR>\r\n<TR>\r\n<TD>Диагональ экрана</TD>\r\n<TD>&nbsp</TD>\r\n<TD>5 \"</TD>\r\n</TR>\r\n<TR>\r\n<TD>Тип управления</TD>\r\n<TD>&nbsp</TD>\r\n<TD>сенсорное</TD>\r\n</TR>\r\n<TR>\r\n<TD>Формат SIM-карты</TD>\r\n<TD>&nbsp</TD>\r\n<TD>Micro-SIM, Nano-SIM</TD>\r\n</TR>\r\n<TR>\r\n<TD>Кол-во SIM-карт</TD>\r\n<TD>&nbsp</TD>\r\n<TD>2</TD>\r\n</TR>\r\n<TR>\r\n<TD>Линейка</TD>\r\n<TD>&nbsp</TD>\r\n<TD>Redmi (Xiaomi)</TD>\r\n</TR>\r\n<TR>\r\n<TD>Сертификация</TD>\r\n<TD>&nbsp</TD>\r\n<TD>РСТ / СТБ / EAC</TD>\r\n</TR>\r\n</TABLE>',1,1,1),(80,'Смартфон Nokia 5 Dual Sim',18,134587,409,1,'Nokia','<TABLE BORDER=0 CELLSPACING=0 CELLPADDING=0>\r\n<TR>\r\n<TD>Тип</TD>\r\n<TD>&nbsp&nbsp&nbsp</TD>\r\n<TD>смартфон</TD>\r\n</TR>\r\n<TR>\r\n<TD>Диагональ экрана</TD>\r\n<TD>&nbsp</TD>\r\n<TD>5 \"</TD>\r\n</TR>\r\n<TR>\r\n<TD>Тип управления</TD>\r\n<TD>&nbsp</TD>\r\n<TD>сенсорное</TD>\r\n</TR>\r\n<TR>\r\n<TD>Формат SIM-карты</TD>\r\n<TD>&nbsp</TD>\r\n<TD>Micro-SIM, Nano-SIM</TD>\r\n</TR>\r\n<TR>\r\n<TD>Кол-во SIM-карт</TD>\r\n<TD>&nbsp</TD>\r\n<TD>2</TD>\r\n</TR>\r\n<TR>\r\n<TD>Линейка</TD>\r\n<TD>&nbsp</TD>\r\n<TD>Redmi (Xiaomi)</TD>\r\n</TR>\r\n<TR>\r\n<TD>Сертификация</TD>\r\n<TD>&nbsp</TD>\r\n<TD>РСТ / СТБ / EAC</TD>\r\n</TR>\r\n</TABLE>',1,1,1),(81,'Зеркальный фотоаппарат Canon 1300D',19,214683,936,1,'Canon','<TABLE BORDER=0 CELLSPACING=0 CELLPADDING=0>\r\n<TR>\r\n<TD>Тип</TD>\r\n<TD>&nbsp&nbsp&nbsp</TD>\r\n<TD>зеркальный фотоаппарат</TD>\r\n</TR>\r\n<TR>\r\n<TD>Количество активных пикселей</TD>\r\n<TD>&nbsp</TD>\r\n<TD>18 Мп</TD>\r\n</TR>\r\n<TR>\r\n<TD>Запись видео</TD>\r\n<TD>&nbsp</TD>\r\n<TD>есть</TD>\r\n</TR>\r\n<TR>\r\n<TD>Объективы в комплекте</TD>\r\n<TD>&nbsp</TD>\r\n<TD>1</TD>\r\n</TR>\r\n<TR>\r\n<TD>Модель объектива</TD>\r\n<TD>&nbsp</TD>\r\n<TD>Canon EF-S 18-55mm f/3.5-5.6</TD>\r\n</TR>\r\n<TR>\r\n<TD>Цвет</TD>\r\n<TD>&nbsp</TD>\r\n<TD>черный</TD>\r\n</TR>\r\n<TR>\r\n<TD>Тип управления</TD>\r\n<TD>&nbsp</TD>\r\n<TD>кнопочный\\сенсорный</TD>\r\n</TR>\r\n</TABLE>',1,1,1),(82,'Фотоаппарат Panasonic Lumix DMC-FZ1',19,415345,2106,1,'Panasonic','<TABLE BORDER=0 CELLSPACING=0 CELLPADDING=0>\r\n<TR>\r\n<TD>Тип</TD>\r\n<TD>&nbsp&nbsp&nbsp</TD>\r\n<TD>зеркальный фотоаппарат</TD>\r\n</TR>\r\n<TR>\r\n<TD>Количество активных пикселей</TD>\r\n<TD>&nbsp</TD>\r\n<TD>18 Мп</TD>\r\n</TR>\r\n<TR>\r\n<TD>Запись видео</TD>\r\n<TD>&nbsp</TD>\r\n<TD>есть</TD>\r\n</TR>\r\n<TR>\r\n<TD>Объективы в комплекте</TD>\r\n<TD>&nbsp</TD>\r\n<TD>1</TD>\r\n</TR>\r\n<TR>\r\n<TD>Модель объектива</TD>\r\n<TD>&nbsp</TD>\r\n<TD>Canon EF-S 18-55mm f/3.5-5.6</TD>\r\n</TR>\r\n<TR>\r\n<TD>Цвет</TD>\r\n<TD>&nbsp</TD>\r\n<TD>черный</TD>\r\n</TR>\r\n<TR>\r\n<TD>Тип управления</TD>\r\n<TD>&nbsp</TD>\r\n<TD>кнопочный\\сенсорный</TD>\r\n</TR>\r\n</TABLE>',1,1,1),(83,'Фотоаппарат Sony Cyber-shot DSC-HX',19,126879,1089,1,'Sony','<TABLE BORDER=0 CELLSPACING=0 CELLPADDING=0>\r\n<TR>\r\n<TD>Тип</TD>\r\n<TD>&nbsp&nbsp&nbsp</TD>\r\n<TD>зеркальный фотоаппарат</TD>\r\n</TR>\r\n<TR>\r\n<TD>Количество активных пикселей</TD>\r\n<TD>&nbsp</TD>\r\n<TD>18 Мп</TD>\r\n</TR>\r\n<TR>\r\n<TD>Запись видео</TD>\r\n<TD>&nbsp</TD>\r\n<TD>есть</TD>\r\n</TR>\r\n<TR>\r\n<TD>Объективы в комплекте</TD>\r\n<TD>&nbsp</TD>\r\n<TD>1</TD>\r\n</TR>\r\n<TR>\r\n<TD>Модель объектива</TD>\r\n<TD>&nbsp</TD>\r\n<TD>Canon EF-S 18-55mm f/3.5-5.6</TD>\r\n</TR>\r\n<TR>\r\n<TD>Цвет</TD>\r\n<TD>&nbsp</TD>\r\n<TD>черный</TD>\r\n</TR>\r\n<TR>\r\n<TD>Тип управления</TD>\r\n<TD>&nbsp</TD>\r\n<TD>кнопочный\\сенсорный</TD>\r\n</TR>\r\n</TABLE>',1,1,1),(84,'Зеркальный фотоаппарат Canon EOS 1300D',19,534168,1078,1,'Canon','<TABLE BORDER=0 CELLSPACING=0 CELLPADDING=0>\r\n<TR>\r\n<TD>Тип</TD>\r\n<TD>&nbsp&nbsp&nbsp</TD>\r\n<TD>зеркальный фотоаппарат</TD>\r\n</TR>\r\n<TR>\r\n<TD>Количество активных пикселей</TD>\r\n<TD>&nbsp</TD>\r\n<TD>18 Мп</TD>\r\n</TR>\r\n<TR>\r\n<TD>Запись видео</TD>\r\n<TD>&nbsp</TD>\r\n<TD>есть</TD>\r\n</TR>\r\n<TR>\r\n<TD>Объективы в комплекте</TD>\r\n<TD>&nbsp</TD>\r\n<TD>1</TD>\r\n</TR>\r\n<TR>\r\n<TD>Модель объектива</TD>\r\n<TD>&nbsp</TD>\r\n<TD>Canon EF-S 18-55mm f/3.5-5.6</TD>\r\n</TR>\r\n<TR>\r\n<TD>Цвет</TD>\r\n<TD>&nbsp</TD>\r\n<TD>черный</TD>\r\n</TR>\r\n<TR>\r\n<TD>Тип управления</TD>\r\n<TD>&nbsp</TD>\r\n<TD>кнопочный\\сенсорный</TD>\r\n</TR>\r\n</TABLE>',1,1,1),(85,'Зеркальный фотоаппарат Canon EOS 800D',19,657894,2216,1,'Canon','<TABLE BORDER=0 CELLSPACING=0 CELLPADDING=0>\r\n<TR>\r\n<TD>Тип</TD>\r\n<TD>&nbsp&nbsp&nbsp</TD>\r\n<TD>зеркальный фотоаппарат</TD>\r\n</TR>\r\n<TR>\r\n<TD>Количество активных пикселей</TD>\r\n<TD>&nbsp</TD>\r\n<TD>18 Мп</TD>\r\n</TR>\r\n<TR>\r\n<TD>Запись видео</TD>\r\n<TD>&nbsp</TD>\r\n<TD>есть</TD>\r\n</TR>\r\n<TR>\r\n<TD>Объективы в комплекте</TD>\r\n<TD>&nbsp</TD>\r\n<TD>1</TD>\r\n</TR>\r\n<TR>\r\n<TD>Модель объектива</TD>\r\n<TD>&nbsp</TD>\r\n<TD>Canon EF-S 18-55mm f/3.5-5.6</TD>\r\n</TR>\r\n<TR>\r\n<TD>Цвет</TD>\r\n<TD>&nbsp</TD>\r\n<TD>черный</TD>\r\n</TR>\r\n<TR>\r\n<TD>Тип управления</TD>\r\n<TD>&nbsp</TD>\r\n<TD>кнопочный\\сенсорный</TD>\r\n</TR>\r\n</TABLE>',1,1,1),(86,'Ноутбук Asus X541UJ',20,632154,999,1,'Asus','<TABLE BORDER=0 CELLSPACING=0 CELLPADDING=0>\r\n<TR>\r\n<TD>Платформа (кодовое название)</TD>\r\n<TD>&nbsp&nbsp&nbsp</TD>\r\n<TD>Intel Skylake (2015)</TD>\r\n</TR>\r\n<TR>\r\n<TD>Модель процессора</TD>\r\n<TD>&nbsp</TD>\r\n<TD>6006U</TD>\r\n</TR>\r\n<TR>\r\n<TD>Процессор</TD>\r\n<TD>&nbsp</TD>\r\n<TD>Intel Core i3 </TD>\r\n</TR>\r\n<TR>\r\n<TD>Количество ядер</TD>\r\n<TD>&nbsp</TD>\r\n<TD>2</TD>\r\n</TR>\r\n<TR>\r\n<TD>Тактовая частота</TD>\r\n<TD>&nbsp</TD>\r\n<TD>2000 МГц</TD>\r\n</TR>\r\n<TR>\r\n<TD>Кэш (общий, L2 или L3)</TD>\r\n<TD>&nbsp</TD>\r\n<TD>3 Мб</TD>\r\n</TR>\r\n<TR>\r\n<TD>Энергопотребление процессора (TDP)</TD>\r\n<TD>&nbsp</TD>\r\n<TD>15 Вт</TD>\r\n</TR>\r\n</TABLE>',1,1,1),(87,'Ноутбук HP 15 (2KG46EA)',20,213457,989,1,'HP','<TABLE BORDER=0 CELLSPACING=0 CELLPADDING=0>\r\n<TR>\r\n<TD>Платформа (кодовое название)</TD>\r\n<TD>&nbsp&nbsp&nbsp</TD>\r\n<TD>Intel Skylake (2015)</TD>\r\n</TR>\r\n<TR>\r\n<TD>Модель процессора</TD>\r\n<TD>&nbsp</TD>\r\n<TD>6006U</TD>\r\n</TR>\r\n<TR>\r\n<TD>Процессор</TD>\r\n<TD>&nbsp</TD>\r\n<TD>Intel Core i3 </TD>\r\n</TR>\r\n<TR>\r\n<TD>Количество ядер</TD>\r\n<TD>&nbsp</TD>\r\n<TD>2</TD>\r\n</TR>\r\n<TR>\r\n<TD>Тактовая частота</TD>\r\n<TD>&nbsp</TD>\r\n<TD>2000 МГц</TD>\r\n</TR>\r\n<TR>\r\n<TD>Кэш (общий, L2 или L3)</TD>\r\n<TD>&nbsp</TD>\r\n<TD>3 Мб</TD>\r\n</TR>\r\n<TR>\r\n<TD>Энергопотребление процессора (TDP)</TD>\r\n<TD>&nbsp</TD>\r\n<TD>15 Вт</TD>\r\n</TR>\r\n</TABLE>',1,1,1),(88,'Ноутбук Lenovo IdeaPad 110-15',20,831549,779,1,'Lenovo','<TABLE BORDER=0 CELLSPACING=0 CELLPADDING=0>\r\n<TR>\r\n<TD>Платформа (кодовое название)</TD>\r\n<TD>&nbsp&nbsp&nbsp</TD>\r\n<TD>Intel Skylake (2015)</TD>\r\n</TR>\r\n<TR>\r\n<TD>Модель процессора</TD>\r\n<TD>&nbsp</TD>\r\n<TD>6006U</TD>\r\n</TR>\r\n<TR>\r\n<TD>Процессор</TD>\r\n<TD>&nbsp</TD>\r\n<TD>Intel Core i3 </TD>\r\n</TR>\r\n<TR>\r\n<TD>Количество ядер</TD>\r\n<TD>&nbsp</TD>\r\n<TD>2</TD>\r\n</TR>\r\n<TR>\r\n<TD>Тактовая частота</TD>\r\n<TD>&nbsp</TD>\r\n<TD>2000 МГц</TD>\r\n</TR>\r\n<TR>\r\n<TD>Кэш (общий, L2 или L3)</TD>\r\n<TD>&nbsp</TD>\r\n<TD>3 Мб</TD>\r\n</TR>\r\n<TR>\r\n<TD>Энергопотребление процессора (TDP)</TD>\r\n<TD>&nbsp</TD>\r\n<TD>15 Вт</TD>\r\n</TR>\r\n</TABLE>',1,1,1),(89,'Ноутбук Dell Inspiron 15',20,842164,949,1,'Dell','<TABLE BORDER=0 CELLSPACING=0 CELLPADDING=0>\r\n<TR>\r\n<TD>Платформа (кодовое название)</TD>\r\n<TD>&nbsp&nbsp&nbsp</TD>\r\n<TD>Intel Skylake (2015)</TD>\r\n</TR>\r\n<TR>\r\n<TD>Модель процессора</TD>\r\n<TD>&nbsp</TD>\r\n<TD>6006U</TD>\r\n</TR>\r\n<TR>\r\n<TD>Процессор</TD>\r\n<TD>&nbsp</TD>\r\n<TD>Intel Core i3 </TD>\r\n</TR>\r\n<TR>\r\n<TD>Количество ядер</TD>\r\n<TD>&nbsp</TD>\r\n<TD>2</TD>\r\n</TR>\r\n<TR>\r\n<TD>Тактовая частота</TD>\r\n<TD>&nbsp</TD>\r\n<TD>2000 МГц</TD>\r\n</TR>\r\n<TR>\r\n<TD>Кэш (общий, L2 или L3)</TD>\r\n<TD>&nbsp</TD>\r\n<TD>3 Мб</TD>\r\n</TR>\r\n<TR>\r\n<TD>Энергопотребление процессора (TDP)</TD>\r\n<TD>&nbsp</TD>\r\n<TD>15 Вт</TD>\r\n</TR>\r\n</TABLE>',1,1,1),(90,'Ноутбук Acer Aspire E5-553G-T6BU',20,451364,1129,1,'Acer','<TABLE BORDER=0 CELLSPACING=0 CELLPADDING=0>\r\n<TR>\r\n<TD>Платформа (кодовое название)</TD>\r\n<TD>&nbsp&nbsp&nbsp</TD>\r\n<TD>Intel Skylake (2015)</TD>\r\n</TR>\r\n<TR>\r\n<TD>Модель процессора</TD>\r\n<TD>&nbsp</TD>\r\n<TD>6006U</TD>\r\n</TR>\r\n<TR>\r\n<TD>Процессор</TD>\r\n<TD>&nbsp</TD>\r\n<TD>Intel Core i3 </TD>\r\n</TR>\r\n<TR>\r\n<TD>Количество ядер</TD>\r\n<TD>&nbsp</TD>\r\n<TD>2</TD>\r\n</TR>\r\n<TR>\r\n<TD>Тактовая частота</TD>\r\n<TD>&nbsp</TD>\r\n<TD>2000 МГц</TD>\r\n</TR>\r\n<TR>\r\n<TD>Кэш (общий, L2 или L3)</TD>\r\n<TD>&nbsp</TD>\r\n<TD>3 Мб</TD>\r\n</TR>\r\n<TR>\r\n<TD>Энергопотребление процессора (TDP)</TD>\r\n<TD>&nbsp</TD>\r\n<TD>15 Вт</TD>\r\n</TR>\r\n</TABLE>',1,1,1),(91,'Материнская плата Asus Prime H270',25,634976,264,1,'Asus','<TABLE BORDER=0 CELLSPACING=0 CELLPADDING=0>\r\n<TR>\r\n<TD>Поддержка процессоров</TD>\r\n<TD>&nbsp&nbsp&nbsp</TD>\r\n<TD>Intel</TD>\r\n</TR>\r\n<TR>\r\n<TD>Сокет</TD>\r\n<TD>&nbsp</TD>\r\n<TD>LGA1151</TD>\r\n</TR>\r\n<TR>\r\n<TD>Чипсет</TD>\r\n<TD>&nbsp</TD>\r\n<TD>Intel H270</TD>\r\n</TR>\r\n<TR>\r\n<TD>Форм-фактор</TD>\r\n<TD>&nbsp</TD>\r\n<TD>ATX</TD>\r\n</TR>\r\n<TR>\r\n<TD>Тип памяти</TD>\r\n<TD>&nbsp</TD>\r\n<TD>DDR4</TD>\r\n</TR>\r\n<TR>\r\n<TD>Количество слотов памяти</TD>\r\n<TD>&nbsp</TD>\r\n<TD>4</TD>\r\n</TR>\r\n<TR>\r\n<TD>Максимальный объём памяти</TD>\r\n<TD>&nbsp</TD>\r\n<TD>64GB</TD>\r\n</TR>\r\n</TABLE>',1,1,1),(92,'Материнская плата AsRock Z170M',25,423248,301,1,'AsRock','<TABLE BORDER=0 CELLSPACING=0 CELLPADDING=0>\r\n<TR>\r\n<TD>Поддержка процессоров</TD>\r\n<TD>&nbsp&nbsp&nbsp</TD>\r\n<TD>Intel</TD>\r\n</TR>\r\n<TR>\r\n<TD>Сокет</TD>\r\n<TD>&nbsp</TD>\r\n<TD>LGA1151</TD>\r\n</TR>\r\n<TR>\r\n<TD>Чипсет</TD>\r\n<TD>&nbsp</TD>\r\n<TD>Intel H270</TD>\r\n</TR>\r\n<TR>\r\n<TD>Форм-фактор</TD>\r\n<TD>&nbsp</TD>\r\n<TD>ATX</TD>\r\n</TR>\r\n<TR>\r\n<TD>Тип памяти</TD>\r\n<TD>&nbsp</TD>\r\n<TD>DDR4</TD>\r\n</TR>\r\n<TR>\r\n<TD>Количество слотов памяти</TD>\r\n<TD>&nbsp</TD>\r\n<TD>4</TD>\r\n</TR>\r\n<TR>\r\n<TD>Максимальный объём памяти</TD>\r\n<TD>&nbsp</TD>\r\n<TD>64GB</TD>\r\n</TR>\r\n</TABLE>',1,1,1),(93,'Материнская плата Gigabyte GA-AB350M',25,634214,215,1,'Gigabyte','<TABLE BORDER=0 CELLSPACING=0 CELLPADDING=0>\r\n<TR>\r\n<TD>Поддержка процессоров</TD>\r\n<TD>&nbsp&nbsp&nbsp</TD>\r\n<TD>Intel</TD>\r\n</TR>\r\n<TR>\r\n<TD>Сокет</TD>\r\n<TD>&nbsp</TD>\r\n<TD>LGA1151</TD>\r\n</TR>\r\n<TR>\r\n<TD>Чипсет</TD>\r\n<TD>&nbsp</TD>\r\n<TD>Intel H270</TD>\r\n</TR>\r\n<TR>\r\n<TD>Форм-фактор</TD>\r\n<TD>&nbsp</TD>\r\n<TD>ATX</TD>\r\n</TR>\r\n<TR>\r\n<TD>Тип памяти</TD>\r\n<TD>&nbsp</TD>\r\n<TD>DDR4</TD>\r\n</TR>\r\n<TR>\r\n<TD>Количество слотов памяти</TD>\r\n<TD>&nbsp</TD>\r\n<TD>4</TD>\r\n</TR>\r\n<TR>\r\n<TD>Максимальный объём памяти</TD>\r\n<TD>&nbsp</TD>\r\n<TD>64GB</TD>\r\n</TR>\r\n</TABLE>',1,1,1),(94,'Материнская плата Asus M5A78L-M',25,975784,133,1,'Asus','<TABLE BORDER=0 CELLSPACING=0 CELLPADDING=0>\r\n<TR>\r\n<TD>Поддержка процессоров</TD>\r\n<TD>&nbsp&nbsp&nbsp</TD>\r\n<TD>Intel</TD>\r\n</TR>\r\n<TR>\r\n<TD>Сокет</TD>\r\n<TD>&nbsp</TD>\r\n<TD>LGA1151</TD>\r\n</TR>\r\n<TR>\r\n<TD>Чипсет</TD>\r\n<TD>&nbsp</TD>\r\n<TD>Intel H270</TD>\r\n</TR>\r\n<TR>\r\n<TD>Форм-фактор</TD>\r\n<TD>&nbsp</TD>\r\n<TD>ATX</TD>\r\n</TR>\r\n<TR>\r\n<TD>Тип памяти</TD>\r\n<TD>&nbsp</TD>\r\n<TD>DDR4</TD>\r\n</TR>\r\n<TR>\r\n<TD>Количество слотов памяти</TD>\r\n<TD>&nbsp</TD>\r\n<TD>4</TD>\r\n</TR>\r\n<TR>\r\n<TD>Максимальный объём памяти</TD>\r\n<TD>&nbsp</TD>\r\n<TD>64GB</TD>\r\n</TR>\r\n</TABLE>',1,1,1),(95,'Материнская плата Gigabyte GA-78',25,569965,102,1,'Gigabyte','<TABLE BORDER=0 CELLSPACING=0 CELLPADDING=0>\r\n<TR>\r\n<TD>Поддержка процессоров</TD>\r\n<TD>&nbsp&nbsp&nbsp</TD>\r\n<TD>Intel</TD>\r\n</TR>\r\n<TR>\r\n<TD>Сокет</TD>\r\n<TD>&nbsp</TD>\r\n<TD>LGA1151</TD>\r\n</TR>\r\n<TR>\r\n<TD>Чипсет</TD>\r\n<TD>&nbsp</TD>\r\n<TD>Intel H270</TD>\r\n</TR>\r\n<TR>\r\n<TD>Форм-фактор</TD>\r\n<TD>&nbsp</TD>\r\n<TD>ATX</TD>\r\n</TR>\r\n<TR>\r\n<TD>Тип памяти</TD>\r\n<TD>&nbsp</TD>\r\n<TD>DDR4</TD>\r\n</TR>\r\n<TR>\r\n<TD>Количество слотов памяти</TD>\r\n<TD>&nbsp</TD>\r\n<TD>4</TD>\r\n</TR>\r\n<TR>\r\n<TD>Максимальный объём памяти</TD>\r\n<TD>&nbsp</TD>\r\n<TD>64GB</TD>\r\n</TR>\r\n</TABLE>',1,1,1),(96,'Видеокарта Asus DUAL-GTX1060-O3G',22,567894,621,1,'Asus','<TABLE BORDER=0 CELLSPACING=0 CELLPADDING=0>\r\n<TR>\r\n<TD>Интерфейс</TD>\r\n<TD>&nbsp&nbsp&nbsp</TD>\r\n<TD>PCI Express 3.0</TD>\r\n</TR>\r\n<TR>\r\n<TD>Производитель графического процессора</TD>\r\n<TD>&nbsp</TD>\r\n<TD>NVIDIA</TD>\r\n</TR>\r\n<TR>\r\n<TD>Графический процессор</TD>\r\n<TD>&nbsp</TD>\r\n<TD>GeForce GTX 1060</TD>\r\n</TR>\r\n<TR>\r\n<TD>Частота графического процессора</TD>\r\n<TD>&nbsp</TD>\r\n<TD>1594 МГц</TD>\r\n</TR>\r\n<TR>\r\n<TD>Тип памяти</TD>\r\n<TD>&nbsp</TD>\r\n<TD>GDDR5</TD>\r\n</TR>\r\n<TR>\r\n<TD>Количество потоковых процессоров</TD>\r\n<TD>&nbsp</TD>\r\n<TD>1152</TD>\r\n</TR>\r\n<TR>\r\n<TD>Видеопамять</TD>\r\n<TD>&nbsp</TD>\r\n<TD>3 ГБ</TD>\r\n</TR>\r\n</TABLE>',1,1,1),(97,'Видеокарта Palit NE51060015F9',22,421683,763,1,'Palit','<TABLE BORDER=0 CELLSPACING=0 CELLPADDING=0>\r\n<TR>\r\n<TD>Интерфейс</TD>\r\n<TD>&nbsp&nbsp&nbsp</TD>\r\n<TD>PCI Express 3.0</TD>\r\n</TR>\r\n<TR>\r\n<TD>Производитель графического процессора</TD>\r\n<TD>&nbsp</TD>\r\n<TD>NVIDIA</TD>\r\n</TR>\r\n<TR>\r\n<TD>Графический процессор</TD>\r\n<TD>&nbsp</TD>\r\n<TD>GeForce GTX 1060</TD>\r\n</TR>\r\n<TR>\r\n<TD>Частота графического процессора</TD>\r\n<TD>&nbsp</TD>\r\n<TD>1594 МГц</TD>\r\n</TR>\r\n<TR>\r\n<TD>Тип памяти</TD>\r\n<TD>&nbsp</TD>\r\n<TD>GDDR5</TD>\r\n</TR>\r\n<TR>\r\n<TD>Количество потоковых процессоров</TD>\r\n<TD>&nbsp</TD>\r\n<TD>1152</TD>\r\n</TR>\r\n<TR>\r\n<TD>Видеопамять</TD>\r\n<TD>&nbsp</TD>\r\n<TD>3 ГБ</TD>\r\n</TR>\r\n</TABLE>',1,1,1),(98,'Видеокарта Sapphire 11267',22,846234,324,1,'Sapphire','<TABLE BORDER=0 CELLSPACING=0 CELLPADDING=0>\r\n<TR>\r\n<TD>Интерфейс</TD>\r\n<TD>&nbsp&nbsp&nbsp</TD>\r\n<TD>PCI Express 3.0</TD>\r\n</TR>\r\n<TR>\r\n<TD>Производитель графического процессора</TD>\r\n<TD>&nbsp</TD>\r\n<TD>NVIDIA</TD>\r\n</TR>\r\n<TR>\r\n<TD>Графический процессор</TD>\r\n<TD>&nbsp</TD>\r\n<TD>GeForce GTX 1060</TD>\r\n</TR>\r\n<TR>\r\n<TD>Частота графического процессора</TD>\r\n<TD>&nbsp</TD>\r\n<TD>1594 МГц</TD>\r\n</TR>\r\n<TR>\r\n<TD>Тип памяти</TD>\r\n<TD>&nbsp</TD>\r\n<TD>GDDR5</TD>\r\n</TR>\r\n<TR>\r\n<TD>Количество потоковых процессоров</TD>\r\n<TD>&nbsp</TD>\r\n<TD>1152</TD>\r\n</TR>\r\n<TR>\r\n<TD>Видеопамять</TD>\r\n<TD>&nbsp</TD>\r\n<TD>3 ГБ</TD>\r\n</TR>\r\n</TABLE>',1,1,1),(99,'Видеокарта Gigabyte GV-R7',22,867946,244,1,'Gigabyte','<TABLE BORDER=0 CELLSPACING=0 CELLPADDING=0>\r\n<TR>\r\n<TD>Интерфейс</TD>\r\n<TD>&nbsp&nbsp&nbsp</TD>\r\n<TD>PCI Express 3.0</TD>\r\n</TR>\r\n<TR>\r\n<TD>Производитель графического процессора</TD>\r\n<TD>&nbsp</TD>\r\n<TD>NVIDIA</TD>\r\n</TR>\r\n<TR>\r\n<TD>Графический процессор</TD>\r\n<TD>&nbsp</TD>\r\n<TD>GeForce GTX 1060</TD>\r\n</TR>\r\n<TR>\r\n<TD>Частота графического процессора</TD>\r\n<TD>&nbsp</TD>\r\n<TD>1594 МГц</TD>\r\n</TR>\r\n<TR>\r\n<TD>Тип памяти</TD>\r\n<TD>&nbsp</TD>\r\n<TD>GDDR5</TD>\r\n</TR>\r\n<TR>\r\n<TD>Количество потоковых процессоров</TD>\r\n<TD>&nbsp</TD>\r\n<TD>1152</TD>\r\n</TR>\r\n<TR>\r\n<TD>Видеопамять</TD>\r\n<TD>&nbsp</TD>\r\n<TD>3 ГБ</TD>\r\n</TR>\r\n</TABLE>',1,1,1),(100,'Видеокарта Gigabyte GV-RX570',22,158846,803,1,'Gigabyte','<TABLE BORDER=0 CELLSPACING=0 CELLPADDING=0>\r\n<TR>\r\n<TD>Интерфейс</TD>\r\n<TD>&nbsp&nbsp&nbsp</TD>\r\n<TD>PCI Express 3.0</TD>\r\n</TR>\r\n<TR>\r\n<TD>Производитель графического процессора</TD>\r\n<TD>&nbsp</TD>\r\n<TD>NVIDIA</TD>\r\n</TR>\r\n<TR>\r\n<TD>Графический процессор</TD>\r\n<TD>&nbsp</TD>\r\n<TD>GeForce GTX 1060</TD>\r\n</TR>\r\n<TR>\r\n<TD>Частота графического процессора</TD>\r\n<TD>&nbsp</TD>\r\n<TD>1594 МГц</TD>\r\n</TR>\r\n<TR>\r\n<TD>Тип памяти</TD>\r\n<TD>&nbsp</TD>\r\n<TD>GDDR5</TD>\r\n</TR>\r\n<TR>\r\n<TD>Количество потоковых процессоров</TD>\r\n<TD>&nbsp</TD>\r\n<TD>1152</TD>\r\n</TR>\r\n<TR>\r\n<TD>Видеопамять</TD>\r\n<TD>&nbsp</TD>\r\n<TD>3 ГБ</TD>\r\n</TR>\r\n</TABLE>',1,1,1);
/*!40000 ALTER TABLE `product` ENABLE KEYS */;
UNLOCK TABLES;

--
-- Table structure for table `product_order`
--

DROP TABLE IF EXISTS `product_order`;
/*!40101 SET @saved_cs_client     = @@character_set_client */;
/*!40101 SET character_set_client = utf8 */;
CREATE TABLE `product_order` (
  `id` int(11) NOT NULL AUTO_INCREMENT,
  `user_name` varchar(255) NOT NULL,
  `user_phone` varchar(255) NOT NULL,
  `user_comment` text NOT NULL,
  `user_id` int(11) DEFAULT NULL,
  `date` timestamp NOT NULL DEFAULT CURRENT_TIMESTAMP,
  `products` text NOT NULL,
  `status` int(11) NOT NULL DEFAULT '1',
  PRIMARY KEY (`id`)
) ENGINE=MyISAM AUTO_INCREMENT=51 DEFAULT CHARSET=utf8;
/*!40101 SET character_set_client = @saved_cs_client */;

--
-- Dumping data for table `product_order`
--

LOCK TABLES `product_order` WRITE;
/*!40000 ALTER TABLE `product_order` DISABLE KEYS */;
INSERT INTO `product_order` VALUES (45,'user1','1','123123123',4,'2015-05-14 06:54:45','{\"1\":1,\"2\":1,\"3\":2}',3),(46,'user2','g3424242342','',4,'2015-05-18 12:34:42','{\"44\":3,\"43\":3}',1),(47,'user6','+32154654657','user3',0,'2017-10-30 21:53:00','{\"47\":1}',1),(48,'user4','+3213246416','asdad',0,'2017-10-30 21:53:30','{\"49\":1,\"48\":1,\"50\":1}',1),(49,'user5','+635435454','adsasd',7,'2017-10-31 00:29:05','{\"50\":1,\"49\":1,\"48\":1}',1),(50,'user7','+32354354654','asdasdasdasd',0,'2017-11-30 00:42:50','{\"50\":1}',1);
/*!40000 ALTER TABLE `product_order` ENABLE KEYS */;
UNLOCK TABLES;

--
-- Table structure for table `user`
--

DROP TABLE IF EXISTS `user`;
/*!40101 SET @saved_cs_client     = @@character_set_client */;
/*!40101 SET character_set_client = utf8 */;
CREATE TABLE `user` (
  `id` int(11) NOT NULL AUTO_INCREMENT,
  `name` varchar(255) NOT NULL,
  `email` varchar(255) NOT NULL,
  `password` varchar(255) NOT NULL,
  `role` varchar(50) NOT NULL,
  PRIMARY KEY (`id`)
) ENGINE=InnoDB AUTO_INCREMENT=10 DEFAULT CHARSET=utf8;
/*!40101 SET character_set_client = @saved_cs_client */;

--
-- Dumping data for table `user`
--

LOCK TABLES `user` WRITE;
/*!40000 ALTER TABLE `user` DISABLE KEYS */;
INSERT INTO `user` VALUES (3,'Name1','email1@email.com','Name1',''),(4,'Name2','email2@email.com','Name2','admin'),(5,'Name3','email3@email.com','Name3',''),(6,'Name4','name3@email.com','Name4',''),(7,'Name5','name4@email.com','Name5',''),(8,'Name6','email3@email.com','asdasd',''),(9,'Name7','email5@email.com','Name7','');
/*!40000 ALTER TABLE `user` ENABLE KEYS */;
UNLOCK TABLES;
/*!40103 SET TIME_ZONE=@OLD_TIME_ZONE */;

/*!40101 SET SQL_MODE=@OLD_SQL_MODE */;
/*!40014 SET FOREIGN_KEY_CHECKS=@OLD_FOREIGN_KEY_CHECKS */;
/*!40014 SET UNIQUE_CHECKS=@OLD_UNIQUE_CHECKS */;
/*!40101 SET CHARACTER_SET_CLIENT=@OLD_CHARACTER_SET_CLIENT */;
/*!40101 SET CHARACTER_SET_RESULTS=@OLD_CHARACTER_SET_RESULTS */;
/*!40101 SET COLLATION_CONNECTION=@OLD_COLLATION_CONNECTION */;
/*!40111 SET SQL_NOTES=@OLD_SQL_NOTES */;
